company_name,company_img
Glooko,
HighlightCam,https://s3.amazonaws.com/photos.angel.co/startups/i/103843-ba1c1866053693163fc0ad2c2527a600-medium_jpg.jpg?buster=1341971736
Bluefin Labs,
AboutOne,https://s3.amazonaws.com/photos.angel.co/startups/i/19769-66405ea0ce40c5811aeea398172d3976-medium_jpg.jpg?buster=1315734062
RethinkDB,https://angel.co/images/shared/nopic_startup.png
BaubleBar,
HubSpot,
Posterous,https://s3.amazonaws.com/photos.angel.co/startups/i/32366-7781eaf8f83c59aff60bc0f6aea6c6fa-medium_jpg.jpg?buster=1326842607
WePay,https://s3.amazonaws.com/photos.angel.co/startups/i/32771-2b9436eb0f9821f1030875c7f87c58e7-medium_jpg.jpg?buster=1326843013
oneforty,https://s3.amazonaws.com/photos.angel.co/startups/i/20788-8259cf18e2754cfefa0cb05b0fe5de3b-medium_jpg.jpg?buster=1315732921
GrabCAD,
Lyft,
Heroku,
SeatGeek,
DailyBooth,https://s3.amazonaws.com/photos.angel.co/startups/i/32122-9440da8a06b432ccb75c9484f8208660-medium_jpg.jpg?buster=1326842376
Lore,
CrowdTwist,
Songkick,https://s3.amazonaws.com/photos.angel.co/startups/i/32452-96d8910b8e8a994ff3510ad6493c9428-medium_jpg.jpg?buster=1349863099
Pantheon,https://s3.amazonaws.com/photos.angel.co/startups/i/907-cbdae2927a54d2281280f41e954e8a3d-medium_jpg.jpg?buster=1373481595
Instagram,
SCVNGR,
500Friends,https://s3.amazonaws.com/photos.angel.co/startups/i/3678-31076a88a14f433e61cb407b7df1f5f2-medium_jpg.jpg?buster=1326854954
Disqus,https://s3.amazonaws.com/photos.angel.co/startups/i/3295-7c0fcfb74aed7fd5796b1a543a4b81f4-medium_jpg.jpg?buster=1315740598
Adap.tv,
1000memories,https://s3.amazonaws.com/photos.angel.co/startups/i/32603-01ace31b8afa9b91b680726ef19b5110-medium_jpg.jpg?buster=1370252887
Simply Hired,
Geckoboard,https://s3.amazonaws.com/photos.angel.co/startups/i/29381-31393c8f0b83a8df0e3f78e680c3e2c0-medium_jpg.jpg?buster=1326898359
Myntra,
Scribd,
HealthTap,
Airbnb,https://s3.amazonaws.com/photos.angel.co/startups/i/32677-b873be4bf180abbcdad149b584b7e66f-medium_jpg.jpg?buster=1350956573
PagerDuty,https://s3.amazonaws.com/photos.angel.co/startups/i/32606-ccb977f6d323e8bfb5128df59457ac0b-medium_jpg.jpg?buster=1341464488
EveryMove,https://s3.amazonaws.com/photos.angel.co/startups/i/21584-61e7adac2a97f0b328b58f3a60d7b109-medium_jpg.jpg?buster=1315865064
Kinvey,
Heyzap,https://s3.amazonaws.com/photos.angel.co/startups/i/17068-ba386cdbccb22f8d949681112d5cd5a5-medium_jpg.jpg?buster=1366686568
Ifbyphone,
Zencoder,https://s3.amazonaws.com/photos.angel.co/startups/i/32683-07b0900bf4ab41a125563f5da60acd47-medium_jpg.jpg?buster=1337619601
Brainient,
EverTrue,
Tiny Speck,
Listia,https://s3.amazonaws.com/photos.angel.co/startups/i/1347-05cbd11ecf251b69dd79527ceafc3d71-medium_jpg.jpg?buster=1315770591
Datadog,
Marginize,
Moovweb,
Saygent,https://s3.amazonaws.com/photos.angel.co/startups/i/12271-ccb95bae2f91848620940becb209a414-medium_jpg.jpg?buster=1336571811
Kwaga,
Joyent,
Asana,https://s3.amazonaws.com/photos.angel.co/startups/i/32050-a9808112a1474ca453fbe2c1081b7792-medium_jpg.jpg?buster=1326842314
Shelby.tv,
Counsyl,https://s3.amazonaws.com/photos.angel.co/startups/i/35667-f31788f9b2270d16584c952b2056a0b4-medium_jpg.jpg?buster=1326845336
Zaarly,https://s3.amazonaws.com/photos.angel.co/startups/i/29321-d3ad02c35e8ba080a9b0f4a5d4538fac-medium_jpg.jpg?buster=1365192848
Udemy,
Simplee,https://s3.amazonaws.com/photos.angel.co/startups/i/53715-22a37141cd6c4ce3be026c3497644201-medium_jpg.jpg?buster=1336589824
Zendesk,
Twilio,https://s3.amazonaws.com/photos.angel.co/startups/i/32509-cfb45c2a611a38850d8ea263d89ab595-medium_jpg.jpg?buster=1326842750
ModCloth,
Sift,https://s3.amazonaws.com/photos.angel.co/startups/i/75722-d7f7618a9da5af4db1d45d6efca21bfb-medium_jpg.jpg?buster=1342116594
biNu,https://s3.amazonaws.com/photos.angel.co/startups/i/19308-f15c33a796e7a38ce1754b7601eba464-medium_jpg.jpg?buster=1315734554
Stripe,
Optimizely,https://s3.amazonaws.com/photos.angel.co/startups/i/32998-45e33954c547f256c086bc09986c5ba5-medium_jpg.jpg?buster=1326843245
